{
	"credit": "Made with Blockbench",
	"textures": {
		"0": "block/turtle_egg",
		"particle": "block/turtle_egg"
	},
	"elements": [
		{
			"from": [8, 0, 4],
			"to": [8, 8, 12],
			"rotation": {"angle": 0, "axis": "y", "origin": [8, 4, 8]},
			"faces": {
				"north": {"uv": [0, 0, 0, 8], "texture": "#missing"},
				"east": {"uv": [0, 0, 8, 8], "texture": "#0"},
				"south": {"uv": [0, 0, 0, 8], "texture": "#missing"},
				"west": {"uv": [0, 0, 8, 8], "texture": "#0"},
				"up": {"uv": [0, 0, 8, 0], "texture": "#missing", "rotation": 90},
				"down": {"uv": [0, 0, 8, 0], "texture": "#missing", "rotation": 270}
			}
		},
		{
			"from": [4, 0, 8],
			"to": [12, 8, 8],
			"faces": {
				"north": {"uv": [0, 0, 8, 8], "texture": "#0"},
				"east": {"uv": [0, 0, 0, 8], "texture": "#missing"},
				"south": {"uv": [0, 0, 8, 8], "texture": "#0"},
				"west": {"uv": [0, 0, 0, 8], "texture": "#missing"},
				"up": {"uv": [0, 0, 8, 0], "texture": "#missing"},
				"down": {"uv": [0, 0, 8, 0], "texture": "#missing"}
			}
		}
	]
}