{
	"credit": "Made with Blockbench",
	"textures": {
		"0": "block/turtle_egg_slightly_cracked",
		"particle": "block/turtle_egg_slightly_cracked"
	},
	"elements": [
		{
			"from": [5, 0, 1],
			"to": [5, 8, 9],
			"rotation": {"angle": 0, "axis": "y", "origin": [5, 4, 5]},
			"faces": {
				"north": {"uv": [0, 0, 0, 8], "texture": "#missing"},
				"east": {"uv": [0, 0, 8, 8], "texture": "#0"},
				"south": {"uv": [0, 0, 0, 8], "texture": "#missing"},
				"west": {"uv": [0, 0, 8, 8], "texture": "#0"},
				"up": {"uv": [0, 0, 8, 0], "texture": "#missing", "rotation": 90},
				"down": {"uv": [0, 0, 8, 0], "texture": "#missing", "rotation": 270}
			}
		},
		{
			"from": [1, 0, 5],
			"to": [9, 8, 5],
			"faces": {
				"north": {"uv": [0, 0, 8, 8], "texture": "#0"},
				"east": {"uv": [0, 0, 0, 8], "texture": "#missing"},
				"south": {"uv": [0, 0, 8, 8], "texture": "#0"},
				"west": {"uv": [0, 0, 0, 8], "texture": "#missing"},
				"up": {"uv": [0, 0, 8, 0], "texture": "#missing"},
				"down": {"uv": [0, 0, 8, 0], "texture": "#missing"}
			}
		},
		{
			"from": [12, 0, 8],
			"to": [12, 8, 16],
			"rotation": {"angle": 0, "axis": "y", "origin": [12, 4, 12]},
			"faces": {
				"north": {"uv": [0, 0, 0, 8], "texture": "#missing"},
				"east": {"uv": [8, 0, 16, 8], "texture": "#0"},
				"south": {"uv": [0, 0, 0, 8], "texture": "#missing"},
				"west": {"uv": [8, 0, 16, 8], "texture": "#0"},
				"up": {"uv": [0, 0, 8, 0], "texture": "#missing", "rotation": 90},
				"down": {"uv": [0, 0, 8, 0], "texture": "#missing", "rotation": 270}
			}
		},
		{
			"from": [8, 0, 12],
			"to": [16, 8, 12],
			"faces": {
				"north": {"uv": [8, 0, 16, 8], "texture": "#0"},
				"east": {"uv": [0, 0, 0, 8], "texture": "#missing"},
				"south": {"uv": [8, 0, 16, 8], "texture": "#0"},
				"west": {"uv": [0, 0, 0, 8], "texture": "#missing"},
				"up": {"uv": [0, 0, 8, 0], "texture": "#missing"},
				"down": {"uv": [0, 0, 8, 0], "texture": "#missing"}
			}
		}
	]
}